Text,Sentiment
[Case 3708] The appeal is hereby dismissed for lack of merit.,Negative
[Case 6994] The plaintiff's motion for summary judgment is granted.,Positive
[Case 2793] The legal claim is barred by the statute of limitations.,Negative
[Case 2888] The contract is deemed valid and enforceable.,Positive
[Case 6876] The legal claim is barred by the statute of limitations.,Negative
[Case 6825] The charges are dropped due to insufficient evidence.,Positive
[Case 1057] The plaintiff's motion for summary judgment is granted.,Positive
[Case 8239] The evidence presented was compelling and credible.,Positive
[Case 4236] The appeal is hereby dismissed for lack of merit.,Negative
[Case 1160] The settlement agreement is fair and reasonable.,Positive
[Case 9667] The parties reached an amicable resolution.,Positive
[Case 5800] The defendant is sentenced to life in prison.,Negative
[Case 3799] The lawsuit is frivolous and without merit.,Negative
[Case 1715] The lawsuit is frivolous and without merit.,Negative
[Case 9119] The appeal is hereby dismissed for lack of merit.,Negative
[Case 9539] The agreement is void due to lack of consent.,Negative
[Case 2080] The court denies the motion to suppress evidence.,Negative
[Case 8538] The appeal is hereby dismissed for lack of merit.,Negative
[Case 7882] The charges are dropped due to insufficient evidence.,Positive
[Case 6700] The jury reached a unanimous verdict in favor of the defendant.,Positive
[Case 8500] The plaintiff's motion for summary judgment is granted.,Positive
[Case 3216] The contract is deemed valid and enforceable.,Positive
[Case 4141] The legal claim is barred by the statute of limitations.,Negative
[Case 8130] The contract breach caused significant financial damage.,Negative
[Case 1834] The appeal is hereby dismissed for lack of merit.,Negative
[Case 5154] The legal claim is barred by the statute of limitations.,Negative
[Case 5856] The decision is overturned on appeal.,Positive
[Case 5568] The agreement is void due to lack of consent.,Negative
[Case 3976] The decision is overturned on appeal.,Positive
[Case 8581] The court orders compensation to be paid to the victim.,Positive
[Case 5054] The appeal is hereby dismissed for lack of merit.,Negative
[Case 2945] The contract breach caused significant financial damage.,Negative
[Case 2885] The injunction is issued to prevent further harm.,Positive
[Case 5574] The appeal is hereby dismissed for lack of merit.,Negative
[Case 8092] The agreement is void due to lack of consent.,Negative
[Case 5456] The charges are dropped due to insufficient evidence.,Positive
[Case 8517] The injunction is issued to prevent further harm.,Positive
[Case 3619] The settlement agreement is fair and reasonable.,Positive
[Case 5718] The evidence presented was compelling and credible.,Positive
[Case 8021] The lawsuit is frivolous and without merit.,Negative
[Case 1289] The court denies the motion to suppress evidence.,Negative
[Case 2737] The jury reached a unanimous verdict in favor of the defendant.,Positive
[Case 4989] The court finds the defendant guilty beyond a reasonable doubt.,Negative
[Case 1779] The lawsuit is frivolous and without merit.,Negative
[Case 3051] The court orders compensation to be paid to the victim.,Positive
[Case 5839] The court denies the motion to suppress evidence.,Negative
[Case 3444] The appeal is hereby dismissed for lack of merit.,Negative
[Case 5605] The plaintiff's motion for summary judgment is granted.,Positive
[Case 2039] The court finds the defendant guilty beyond a reasonable doubt.,Negative
[Case 2925] The parties reached an amicable resolution.,Positive
[Case 9547] The defendant is acquitted of all charges.,Positive
[Case 9157] The evidence presented was compelling and credible.,Positive
[Case 7659] The contract is deemed valid and enforceable.,Positive
[Case 6203] The court orders compensation to be paid to the victim.,Positive
[Case 3061] The defendant is acquitted of all charges.,Positive
[Case 7815] The contract breach caused significant financial damage.,Negative
[Case 9418] The agreement is void due to lack of consent.,Negative
[Case 7397] The parties reached an amicable resolution.,Positive
[Case 6894] The charges are dropped due to insufficient evidence.,Positive
[Case 7291] The evidence presented was compelling and credible.,Positive
[Case 1608] The court orders compensation to be paid to the victim.,Positive
[Case 8998] The court orders compensation to be paid to the victim.,Positive
[Case 4851] The appeal is hereby dismissed for lack of merit.,Negative
[Case 4244] The jury reached a unanimous verdict in favor of the defendant.,Positive
[Case 2691] The jury reached a unanimous verdict in favor of the defendant.,Positive
[Case 7676] The parties reached an amicable resolution.,Positive
[Case 3463] The court denies the motion to suppress evidence.,Negative
[Case 4315] The plaintiff's motion for summary judgment is granted.,Positive
[Case 2111] The appeal is hereby dismissed for lack of merit.,Negative
[Case 5750] The court denies the motion to suppress evidence.,Negative
[Case 5444] The injunction is issued to prevent further harm.,Positive
[Case 5141] The court denies the motion to suppress evidence.,Negative
[Case 3097] The agreement is void due to lack of consent.,Negative
[Case 9626] The agreement is void due to lack of consent.,Negative
[Case 4864] The plaintiff's motion for summary judgment is granted.,Positive
[Case 7676] The court finds the defendant guilty beyond a reasonable doubt.,Negative
[Case 8264] The appeal is hereby dismissed for lack of merit.,Negative
[Case 4310] The court orders compensation to be paid to the victim.,Positive
[Case 7193] The court denies the motion to suppress evidence.,Negative
[Case 4159] The settlement agreement is fair and reasonable.,Positive
[Case 7577] The defendant is acquitted of all charges.,Positive
[Case 2058] The jury reached a unanimous verdict in favor of the defendant.,Positive
[Case 2402] The parties reached an amicable resolution.,Positive
[Case 2664] The agreement is void due to lack of consent.,Negative
[Case 5081] The charges are dropped due to insufficient evidence.,Positive
[Case 4899] The court denies the motion to suppress evidence.,Negative
[Case 4127] The court denies the motion to suppress evidence.,Negative
[Case 1758] The decision is overturned on appeal.,Positive
[Case 7084] The settlement agreement is fair and reasonable.,Positive
[Case 8806] The court orders compensation to be paid to the victim.,Positive
[Case 9313] The defendant is sentenced to life in prison.,Negative
[Case 2254] The settlement agreement is fair and reasonable.,Positive
[Case 1980] The contract breach caused significant financial damage.,Negative
[Case 6303] The jury reached a unanimous verdict in favor of the defendant.,Positive
[Case 8802] The contract breach caused significant financial damage.,Negative
[Case 3657] The defendant is acquitted of all charges.,Positive
[Case 2743] The defendant is acquitted of all charges.,Positive
[Case 6050] The jury reached a unanimous verdict in favor of the defendant.,Positive
[Case 7969] The court orders compensation to be paid to the victim.,Positive
[Case 8816] The contract is deemed valid and enforceable.,Positive
